X2015.Middleware.Keynote,https...github.com.2015.Middleware.Keynote.demo.ansible.blob.master.playbooks.certificate_repos.yml
voc,https://github.com/voc/cm/blob/master/ansible/roles/pbx/tasks/main.yml
benregn,https://github.com/benregn/cookiecutter-django-ansible/blob/master/{{cookiecutter.repo_name}}/provisioning/playbooks/roles/redis/tasks/redmon.yml
openstack,https://github.com/openstack/kolla-ansible/blob/master/ansible/roles/mistral/tasks/clone.yml
integr8ly,https://github.com/integr8ly/ansible-tower-configuration/blob/master/playbooks/integreatly_sendgrid_poc_provision.yml
debops,https://github.com/debops/debops/blob/master/ansible/roles/kodi/tasks/main.yml
openstack,https://github.com/openstack/tripleo-ansible/blob/master/tripleo_ansible/roles/tripleo_ovn/tasks/main.yml
confluentinc,https://github.com/confluentinc/cp-ansible/blob/master/playbooks/ksql.yml
nuxeo,https://github.com/nuxeo/nuxeo-ansible-jenkins/blob/master/roles/slave_tools/tasks/firefox.yml
openstack,https://github.com/openstack/tripleo-ansible/blob/master/tripleo_ansible/roles/tripleo_clients_install/tasks/main.yml
Juniper,https://github.com/Juniper/contrail-ansible/blob/master/kolla-ansible/ansible/roles/bifrost/tasks/start.yml
redhat-openstack,https://github.com/redhat-openstack/ansible-role-tripleo-collect-logs/blob/master/playbooks/collect-logs.yml
michaeltchapman,https://github.com/michaeltchapman/networking-ansible/blob/master/tools/devenv/centos-devstack-vqfx/roles/localvm/tasks/get_image.yml
IBM,https://github.com/IBM/ibm-spectrum-scale-install-infra/blob/master/roles/nfs/node/tasks/install_dir_pkg.yml
openstack,https://github.com/openstack/tripleo-ansible/blob/master/tripleo_ansible/roles/tripleo_upgrade_hiera/tasks/set.yml
ansible,https://github.com/ansible/ansible-examples/blob/master/lamp_haproxy/aws/roles/web/tasks/main.yml
henrysher,https://github.com/henrysher/fedora-infra-ansible/blob/master/roles/openshift/import-image/tasks/main.yml
Graylog2,https://github.com/Graylog2/graylog-ansible-role/blob/master/tasks/mongodb-Debian.yml
IBM-Security,https://github.com/IBM-Security/isam-ansible-roles/blob/master/add_cluster_node/tasks/main.yml
ilkilab,https://github.com/ilkilab/agorakube/blob/master/roles/generate-certs/tasks/oidc-keycloak.yaml
redhat-openstack,https://github.com/redhat-openstack/ansible-nfv/blob/master/roles/images/performance/tasks/fetch_image.yml
devopsschool-training-notes,https://github.com/devopsschool-training-notes/Ansible-astrazeneca-June-2020/blob/master/james/rolesprj/project/tasks/main.yaml
openedx,https://github.com/openedx/configuration/blob/master/playbooks/roles/mysql/tasks/remove_mysql_experimental.yml
spantaleev,https://github.com/spantaleev/matrix-docker-ansible-deploy/blob/master/roles/custom/matrix-synapse/tasks/init.yml
openstack,https://github.com/openstack/kolla-ansible/blob/master/ansible/roles/heat/tasks/deploy-containers.yml
CentOS-PaaS-SIG,https://github.com/CentOS-PaaS-SIG/linchpin/blob/master/linchpin/provision/roles/azure/tasks/provision_res_defs.yml
caddy-ansible,https://github.com/caddy-ansible/caddy-ansible/blob/master/tasks/packages-yum.yml
debops,https://github.com/debops/ansible-nginx/blob/master/tasks/nginx_servers.yml
henrysher,https://github.com/henrysher/fedora-infra-ansible/blob/master/roles/plus-plus-service/tasks/main.yml
CenterForOpenScience,https://github.com/CenterForOpenScience/cos-ansible-base/blob/master/roles/hostname/tasks/main.yml
openmrs,https://github.com/openmrs/openmrs-contrib-itsmresources/blob/master/ansible/custom_roles/mysql/tasks/replication.yml
oVirt,https://github.com/oVirt/ovirt-ansible-collection/blob/master/roles/hosted_engine_setup/tasks/fetch_engine_logs.yml
Juniper,https://github.com/Juniper/contrail-ansible/blob/master/kolla-ansible/ansible/roles/cloudkitty/tasks/deploy.yml
hortonworks,https://github.com/hortonworks/ansible-hortonworks/blob/master/playbooks/check_dynamic_blueprint.yml
theforeman,https://github.com/theforeman/forklift/blob/master/playbooks/foreman.yml
ImNtReal,https://github.com/ImNtReal/ansible-role-epic_odb/blob/master/tasks/firewall_rules.yml
ansible-community,https://github.com/ansible-community/ansible-consul/blob/master/tasks/snapshot.yml
openedx,https://github.com/openedx/configuration/blob/master/playbooks/roles/munin_node/tasks/main.yml
openstack,https://github.com/openstack/openstack-ansible-os_octavia/blob/master/tasks/octavia_install.yml
debops,https://github.com/debops/debops/blob/master/ansible/roles/dovecot/tasks/main_env.yml
IBM,https://github.com/IBM/community-automation/blob/master/ansible/roles/osprereqs/tasks/main.yml
openedx,https://github.com/openedx/configuration/blob/master/playbooks/ora_grading.yml
debops,https://github.com/debops/debops/blob/master/ansible/roles/unattended_upgrades/tasks/main.yml
henrysher,https://github.com/henrysher/fedora-infra-ansible/blob/master/roles/fedora-web/codecs/tasks/main.yml
elasticluster,https://github.com/elasticluster/elasticluster/blob/master/elasticluster/share/playbooks/roles/easybuild/tasks/deps-RedHat.yml
liip,https://github.com/liip/drifter/blob/master/provisioning/roles/gitlabci/tasks/main.yml
openstack,https://github.com/openstack/openstack-ansible-os_ceilometer/blob/master/tasks/ceilometer_install.yml
openstack,https://github.com/openstack/openstack-ansible-os_tempest/blob/master/tasks/main.yml
openstack,https://github.com/openstack/kolla-ansible/blob/master/ansible/roles/barbican/tasks/clone.yml
spantaleev,https://github.com/spantaleev/matrix-docker-ansible-deploy/blob/master/roles/custom/matrix-bridge-mautrix-slack/tasks/setup_uninstall.yml
girder,https://github.com/girder/ansible-role-girder/blob/master/tasks/nodejs.yml
CentOS-PaaS-SIG,https://github.com/CentOS-PaaS-SIG/linchpin/blob/master/linchpin/provision/roles/openstack/tasks/provision_os_router.yml
manala,https://github.com/manala/ansible-roles/blob/master/roles/deploy/tasks/tasks/raw.yml
openstack,https://github.com/openstack/kolla-ansible/blob/master/ansible/roles/prechecks/tasks/check.yml
IBM-Security,https://github.com/IBM-Security/isam-ansible-roles/blob/master/create_reverseproxy/tasks/create_instance.yml
manala,https://github.com/manala/ansible-roles/blob/master/roles/apt/tasks/sources_list.yml
QingCloudAppcenter,https://github.com/QingCloudAppcenter/ansible-roles/blob/master/haproxy/tasks/main.yml
oVirt,https://github.com/oVirt/ovirt-ansible-infra/blob/master/roles/ovirt.datacenter-cleanup/tasks/main.yml
manala,https://github.com/manala/ansible-roles/blob/master/roles/supervisor/tasks/services.yml
2015-Middleware-Keynote,https://github.com/2015-Middleware-Keynote/demo-ansible/blob/master/playbooks/group_setup.yml
arillso,https://github.com/arillso/ansible.logrotate/blob/master/tasks/main.yml
roots,https://github.com/roots/trellis/blob/master/roles/xdebug/tasks/main.yml
openstack,https://github.com/openstack/ansible-collections-openstack/blob/master/ci/roles/security_group/tasks/rules.yml
ansible-ThoTeam,https://github.com/ansible-ThoTeam/nexus3-oss/blob/master/tasks/nexus-restore.yml
CenterForOpenScience,https://github.com/CenterForOpenScience/cos-ansible-base/blob/master/roles/docker-sentry/tasks/server.yml
AtlasOfLivingAustralia,https://github.com/AtlasOfLivingAustralia/ala-install/blob/master/ansible/roles/postgresql/tasks/barman.yml
manala,https://github.com/manala/ansible-roles/blob/master/roles/deploy/tasks/main.yml
wunderio,https://github.com/wunderio/WunderMachina/blob/master/playbook/roles/nfs_server/tasks/fdisk.yml
bluebanquise,https://github.com/bluebanquise/bluebanquise/blob/master/collections/monitoring/roles/prometheus/tasks/server_ipmi_exporter.yml
ArkCase,https://github.com/ArkCase/arkcase-ce/blob/master/vagrant/provisioning/roles/pentaho-setup/tasks/main.yml
ArdanaCLM,https://github.com/ArdanaCLM/cobbler-ansible/blob/master/roles/cobbler/tasks/target-all-nodes.yml
starlingx,https://github.com/starlingx/ansible-playbooks/blob/master/playbookconfig/src/playbooks/roles/migrate-platform-certificates-to-certmanager/migrate-certificates/tasks/get-certificates-summary.yml
jpnewman,https://github.com/jpnewman/ansible-role-java/blob/master/tasks/oracle_archive_install.yml
openedx,https://github.com/openedx/configuration/blob/master/playbooks/roles/testcourses/tasks/import_course.yml
manala,https://github.com/manala/ansible-role-bind/blob/master/tasks/zones.yml
openstack,https://github.com/openstack/kolla-ansible/blob/master/ansible/roles/prune-images/tasks/prune_images.yml
starlingx,https://github.com/starlingx/ansible-playbooks/blob/master/playbookconfig/src/playbooks/roles/rehome-subcloud/update-keystone-data/tasks/migrate_keystone_ids.yml
openstack,https://github.com/openstack/kolla-ansible/blob/master/ansible/roles/senlin/tasks/clone.yml
BCDevOps,https://github.com/BCDevOps/platform-services/blob/master/tools/bots/ansible-webhook/scripts/tasks/pr_merge_and_close.yml
manala,https://github.com/manala/ansible-roles/blob/master/roles/prometheus/tasks/config.yml
devopsschool-training-notes,https://github.com/devopsschool-training-notes/Ansible-astrazeneca-June-2020/blob/master/RajSelvaraj/rolesprj/projectnew/tasks/main.yml
openstack,https://github.com/openstack/openstack-ansible-os_trove/blob/master/tasks/trove_db_sync.yml
plone,https://github.com/plone/ansible.plone_server/blob/master/tasks/Debian.yml
trailofbits,https://github.com/trailofbits/algo/blob/master/roles/dns/tasks/freebsd.yml
ansible,https://github.com/ansible/ansible-zuul-jobs/blob/master/playbooks/ansible-security-trendmicro-deepsec-appliance/roles/tm-deepsec-aws-setup/tasks/main.yml
IBM,https://github.com/IBM/ibm-spectrum-scale-install-infra/blob/master/roles/scale_fileauditlogging/node/tasks/install_local_pkg.yml
contiv,https://github.com/contiv/ansible/blob/master/roles/bind/tasks/main.yml
contiv,https://github.com/contiv/ansible/blob/master/roles/docker/tasks/cleanup.yml
stackbuilders,https://github.com/stackbuilders/sb-debian-base/blob/master/tasks/bootstrap-firewall.yml
openstack,https://github.com/openstack/kolla-ansible/blob/master/ansible/roles/influxdb/tasks/loadbalancer.yml
CentOS-PaaS-SIG,https://github.com/CentOS-PaaS-SIG/linchpin/blob/master/linchpin/provision/roles/azure/tasks/teardownVM.yml
ReinerNippes,https://github.com/ReinerNippes/nextcloud/blob/master/roles/prep_letsencrypt/tasks/Amazon.yml
CentOS-PaaS-SIG,https://github.com/CentOS-PaaS-SIG/linchpin/blob/master/linchpin/provision/roles/aws/tasks/provision_aws_ec2.yml
ArdanaCLM,https://github.com/ArdanaCLM/cobbler-ansible/blob/master/roles/cobbler/tasks/get-rhel-loader.yml
openstack,https://github.com/openstack/kolla-ansible/blob/master/ansible/roles/prometheus/tasks/upgrade.yml
nexcess,https://github.com/nexcess/ansible-playbook-cloudhost/blob/master/playbooks/tasks/install-app-magento-2.yml
Cloudbox,https://github.com/Cloudbox/Cloudbox/blob/master/roles/kernel/tasks/main.yml
openedx,https://github.com/openedx/configuration/blob/master/playbooks/roles/grafana/tasks/main.yml
openstack,https://github.com/openstack/kolla-ansible/blob/master/ansible/roles/memcached/tasks/reconfigure.yml
vmware,https://github.com/vmware/ansible-module-vcloud-director/blob/master/roles/org/tasks/main.yml
openstack,https://github.com/openstack/kolla-ansible/blob/master/ansible/roles/barbican/tasks/reconfigure.yml
arillso,https://github.com/arillso/ansible.users/blob/master/tasks/main.yml
CentOS-PaaS-SIG,https://github.com/CentOS-PaaS-SIG/linchpin/blob/master/linchpin/provision/roles/azure/tasks/provision_resource_group.yml
openmrs,https://github.com/openmrs/openmrs-contrib-itsmresources/blob/master/ansible/custom_roles/mysql/tasks/setup-Debian.yml
theopenlab,https://github.com/theopenlab/openlab-zuul-jobs/blob/master/roles/export-kind-gcp-account/tasks/main.yaml
dresden-weekly,https://github.com/dresden-weekly/ansible-network-interfaces/blob/master/tasks/all_interfaces.yml
openstack,https://github.com/openstack/tripleo-ansible/blob/master/tripleo_ansible/roles/tripleo_run_cephadm/tasks/main.yml
OXID-eSales,https://github.com/OXID-eSales/oxvm_base/blob/master/ansible/roles/java/tasks/install.yml
Cloudbox,https://github.com/Cloudbox/Cloudbox/blob/master/roles/portainer/tasks/main.yml
henrysher,https://github.com/henrysher/fedora-infra-ansible/blob/master/playbooks/restart_unbound.yml
andrewrothstein,https://github.com/andrewrothstein/ansible-unarchive-deps/blob/master/tasks/main.yml
coopdevs,https://github.com/coopdevs/timeoverflow-provisioning/blob/master/roles/webserver/tasks/main.yml
delphix,https://github.com/delphix/appliance-build/blob/master/live-build/misc/ansible-roles/appliance-build.dcenter/tasks/main.yml
CenterForOpenScience,https://github.com/CenterForOpenScience/cos-ansible-base/blob/master/roles/docker-dor/tasks/server.yml
stackhpc,https://github.com/stackhpc/ansible-role-libvirt-vm/blob/master/tasks/volumes.yml
openstack,https://github.com/openstack/kolla-ansible/blob/master/ansible/roles/trove/tasks/deploy.yml
oravirt,https://github.com/oravirt/ansible-oracle/blob/master/roles/orahost/tasks/main.yml
coopdevs,https://github.com/coopdevs/timeoverflow-provisioning/blob/master/roles/common/tasks/groups.yml
ebbba-org,https://github.com/ebbba-org/ansible-role-bigbluebutton/blob/master/tasks/bbb-html5.yml
kubernetes-sigs,https://github.com/kubernetes-sigs/kubespray/blob/master/roles/etcd/tasks/install_docker.yml
fusor,https://github.com/fusor/catasb/blob/master/ansible/roles/ssl_setup/tasks/main.yml
Juniper,https://github.com/Juniper/contrail-ansible/blob/master/kolla-ansible/ansible/roles/bifrost/tasks/deploy-servers.yml
redhat-openstack,https://github.com/redhat-openstack/ansible-nfv/blob/master/roles/configuration/switches_config/tasks/main.yml
openfoodfoundation,https://github.com/openfoodfoundation/ofn-install/blob/master/playbooks/db_backup.yml
openstack,https://github.com/openstack/openstack-ansible-os_ironic/blob/master/tasks/ironic_inspector_post_install.yml
openstack,https://github.com/openstack/kolla-ansible/blob/master/ansible/roles/telegraf/tasks/precheck.yml
manala,https://github.com/manala/ansible-roles/blob/master/roles/systemd/tasks/tmpfiles_configs.yml
henrysher,https://github.com/henrysher/fedora-infra-ansible/blob/master/roles/pagure/fedmsg/tasks/main.yml
cjeanner,https://github.com/cjeanner/tripleo-lab/blob/master/roles/podman/tasks/run_container.yaml
nexcess,https://github.com/nexcess/ansible-playbook-cloudhost/blob/master/playbooks/tasks/import-dev.yml
integr8ly,https://github.com/integr8ly/ansible-tower-configuration/blob/master/playbooks/roles/validation/tasks/compare_repositories.yml
openstack,https://github.com/openstack/tripleo-validations/blob/master/roles/check_undercloud_conf/tasks/main.yml
openstack,https://github.com/openstack/tripleo-quickstart-extras/blob/master/roles/undercloud-setup/tasks/write-outputs.yml
louim,https://github.com/louim/bedrock-site-protect/blob/master/tasks/main.yml
henrysher,https://github.com/henrysher/fedora-infra-ansible/blob/master/roles/bodhi2/backend/tasks/main.yml
weareinteractive,https://github.com/weareinteractive/ansible-newrelic/blob/master/tasks/install_redhat.yml
geerlingguy,https://github.com/geerlingguy/ansible-role-nodejs/blob/master/tasks/main.yml
manala,https://github.com/manala/ansible-roles/blob/master/roles/sqlite/tasks/main.yml
openstack,https://github.com/openstack/bifrost/blob/master/playbooks/example-deploy-all-available-nodes.yaml
debops,https://github.com/debops/ansible-sshd/blob/master/tasks/authorized_keys_lookup.yml
confluentinc,https://github.com/confluentinc/cp-ansible/blob/master/roles/kafka_connect/tasks/health_check.yml
aerogear,https://github.com/aerogear/aerogear-digger-installer/blob/master/configure-buildfarm/tasks/jenkins-passwordless-key.yml
ReinerNippes,https://github.com/ReinerNippes/nextcloud/blob/master/roles/prep_talk/tasks/Fedora.yml
openstack,https://github.com/openstack/tripleo-quickstart/blob/master/playbooks/build-images.yml
CentOS-PaaS-SIG,https://github.com/CentOS-PaaS-SIG/linchpin/blob/master/dev_setup/playbooks/roles/minishift/tasks/main.yml
AtlasOfLivingAustralia,https://github.com/AtlasOfLivingAustralia/ala-install/blob/master/ansible/roles/ansible-elasticsearch/tasks/elasticsearch-config.yml
openedx,https://github.com/openedx/configuration/blob/master/playbooks/remove-ubuntu-key.yml
ArdanaCLM,https://github.com/ArdanaCLM/cobbler-ansible/blob/master/roles/cobbler/tasks/populate-rhel.yml
dimagi,https://github.com/dimagi/commcare-cloud/blob/master/src/commcare_cloud/ansible/roles/pg_backup/tasks/backup_plain_clean.yml
kyl191,https://github.com/kyl191/ansible-role-openvpn/blob/master/tasks/client_keys.yml
snowplow,https://github.com/snowplow/ansible-playbooks/blob/master/roles/nodejs/tasks/main.yml
openstack,https://github.com/openstack/ansible-role-tripleo-modify-image/blob/master/tasks/precheck.yml
Juniper,https://github.com/Juniper/contrail-ansible-internal/blob/master/playbooks/contrail_issu.yml
geerlingguy,https://github.com/geerlingguy/drupal-vm/blob/master/provisioning/roles/geerlingguy.firewall/tasks/main.yml
RedHatQE,https://github.com/RedHatQE/cinch/blob/master/cinch/roles/jenkins_slave/tasks/check_swarm_errors.yml
geerlingguy,https://github.com/geerlingguy/drupal-vm/blob/master/provisioning/roles/geerlingguy.security/tasks/autoupdate-RedHat.yml
RedHatGov,https://github.com/RedHatGov/redhatgov.workshops/blob/master/jboss-migration-toolkit/roles/openshift_templates/tasks/main.yml
shadow-robot,https://github.com/shadow-robot/aurora/blob/master/ansible/roles/products/hand-e/server/desktop-icons/tasks/hand-icon-bimanual.yml
William-Yeh,https://github.com/William-Yeh/ansible-oracle-java/blob/master/tasks/fetch_jce.yml
coopdevs,https://github.com/coopdevs/odoo-role/blob/master/tasks/main.yml
openstack,https://github.com/openstack/tripleo-ansible/blob/master/tripleo_ansible/roles/tripleo_ceph_distribute_keys/tasks/distribute_conf_and_keys.yaml
manala,https://github.com/manala/ansible-roles/blob/master/roles/docker/tasks/applications.yml
openedx,https://github.com/openedx/configuration/blob/master/playbooks/roles/oauth2_proxy/tasks/main.yml
avinetworks,https://github.com/avinetworks/ansible-role-aviconfig/blob/master/tasks/hardwaresecuritymodulegroup.yml
openstack,https://github.com/openstack/openstack-ansible/blob/master/playbooks/listening-port-report.yml
Juniper,https://github.com/Juniper/contrail-ansible/blob/master/kolla-ansible/ansible/roles/kuryr/tasks/deploy.yml
freifunk-berlin,https://github.com/freifunk-berlin/bbb-configs/blob/master/roles/cfg_openwrt/tasks/fix_permissions.yml
adriagalin,https://github.com/adriagalin/ansible.motd/blob/master/tasks/main.yml
ilkilab,https://github.com/ilkilab/agorakube/blob/master/roles/install-runtimes/tasks/uninstall-docker.yaml
influxdata,https://github.com/influxdata/ansible-chrony/blob/master/tasks/install.yml
roots,https://github.com/roots/trellis/blob/master/roles/ssmtp/tasks/main.yml
Juniper,https://github.com/Juniper/contrail-ansible/blob/master/kolla-ansible/ansible/roles/ceph/tasks/pull.yml
splunk,https://github.com/splunk/splunk-ansible/blob/master/roles/splunk_common/tasks/enable_forwarder_monitoring.yml
sky-uk,https://github.com/sky-uk/clusterverse/blob/master/redeploy/_scheme_rmvm_keepdisk_rollback/tasks/by_hosttype_by_host.yml
openedx,https://github.com/openedx/configuration/blob/master/playbooks/tableau.yml
geerlingguy,https://github.com/geerlingguy/ansible-role-clamav/blob/master/tasks/setup-RedHat.yml
avinetworks,https://github.com/avinetworks/ansible-role-aviconfig/blob/master/tasks/gslbgeodbprofile.yml
Juniper,https://github.com/Juniper/contrail-ansible/blob/master/kolla-ansible/ansible/roles/rally/tasks/main.yml
manala,https://github.com/manala/ansible-roles/blob/master/roles/ssh/tasks/services.yml
openstack,https://github.com/openstack/openstack-zuul-jobs/blob/master/roles/configure-swap/tasks/ephemeral.yaml
debops,https://github.com/debops/debops/blob/master/ansible/roles/postscreen/tasks/main.yml
Juniper,https://github.com/Juniper/contrail-ansible/blob/master/playbooks/roles/node/tasks/contrailctl_facts.yml
Juniper,https://github.com/Juniper/contrail-ansible/blob/master/kolla-ansible/ansible/roles/iscsi/tasks/reconfigure.yml
easzlab,https://github.com/easzlab/kubeasz/blob/master/roles/os-harden/tasks/main.yml
wcm-io-devops,https://github.com/wcm-io-devops/ansible-conga-aem-dispatcher/blob/master/tasks/setup_RedHat.yml
fubarhouse,https://github.com/fubarhouse/ansible-role-golang/blob/master/tasks/install-git.yml
kubernetes-sigs,https://github.com/kubernetes-sigs/kubespray/blob/master/roles/download/tasks/download_container.yml
theforeman,https://github.com/theforeman/forklift/blob/master/roles/plugins/foreman_openscap/install/tasks/main.yml
ilkilab,https://github.com/ilkilab/agorakube/blob/master/roles/setup-etcd/tasks/clean-previous-etcd-install.yaml
openstack,https://github.com/openstack/tripleo-ansible/blob/master/tripleo_ansible/roles/tripleo_timemaster/tasks/config.yml
maticnetwork,https://github.com/maticnetwork/node-ansible/blob/master/playbooks/bor.yml
cjeanner,https://github.com/cjeanner/tripleo-lab/blob/master/roles/undercloud/tasks/pkg-build.yaml
ArdanaCLM,https://github.com/ArdanaCLM/ardana-ansible/blob/master/roles/deployer-setup/tasks/configure-bash.yml
openstack,https://github.com/openstack/tripleo-ansible/blob/master/tripleo_ansible/roles/tripleo_cephadm/tasks/rbd_mirror.yaml
nertwork,https://github.com/nertwork/nextcloud-containerized/blob/master/tasks/files.yml
CenterForOpenScience,https://github.com/CenterForOpenScience/cos-ansible-base/blob/master/roles/docker-postgres-barman/tasks/main.yml
ansible-collections,https://github.com/ansible-collections/community.mongodb/blob/master/tests/integration/targets/mongodb_index/tasks/mongod_singlenode.yml
adoptium,https://github.com/adoptium/infrastructure/blob/master/ansible/playbooks/AdoptOpenJDK_Unix_Playbook/roles/Docker/tasks/rhel.yml
openstack,https://github.com/openstack/kolla-ansible/blob/master/ansible/roles/manila/tasks/config.yml
openstack,https://github.com/openstack/kolla-ansible/blob/master/ansible/roles/cinder/tasks/config_validate.yml
att-comdev,https://github.com/att-comdev/halcyon-kubernetes/blob/master/kube-deploy/roles/kube-join/tasks/workers.yml
openstack,https://github.com/openstack/kolla-ansible/blob/master/ansible/roles/common/tasks/precheck.yml
dimagi,https://github.com/dimagi/commcare-cloud/blob/master/src/commcare_cloud/ansible/roles/cloudwatch_logs/tasks/main.yml
ConnectBox,https://github.com/ConnectBox/connectbox-pi/blob/master/ansible/roles/ansible-postgresql/tasks/main.yml
spantaleev,https://github.com/spantaleev/matrix-docker-ansible-deploy/blob/master/roles/custom/matrix-synapse/tasks/register_user.yml
AtlasOfLivingAustralia,https://github.com/AtlasOfLivingAustralia/ala-install/blob/master/ansible/roles/layer-ingestion/tasks/main.yml
Azure,https://github.com/Azure/azure_preview_modules/blob/master/tests/integration/targets/azure_rm_appserviceplan/tasks/main.yml
henrysher,https://github.com/henrysher/fedora-infra-ansible/blob/master/roles/collectd/rabbitmq/tasks/main.yml
oravirt,https://github.com/oravirt/ansible-oracle/blob/master/roles/oradb_rman/tasks/main.yml
redhat-openstack,https://github.com/redhat-openstack/ansible-nfv/blob/master/roles/post_install/overcloud_nodes_tasks/tasks/main.yml
geerlingguy,https://github.com/geerlingguy/drupal-vm/blob/master/provisioning/roles/geerlingguy.mysql/tasks/main.yml
henrysher,https://github.com/henrysher/fedora-infra-ansible/blob/master/roles/copr/backend/tasks/install_cloud_cert.yml
robertdebock,https://github.com/robertdebock/ansible-role-reboot/blob/master/tasks/reboot.yml
IBM,https://github.com/IBM/ibm-spectrum-scale-install-infra/blob/master/roles/gui/cluster/tasks/chpasswdpolicy.yml
NationalGenomicsInfrastructure,https://github.com/NationalGenomicsInfrastructure/irma-provision/blob/master/roles/taca/tasks/main.yml
starlingx,https://github.com/starlingx/ansible-playbooks/blob/master/playbookconfig/src/playbooks/roles/update-subcloud/update-admin-endpoints/tasks/check_and_update_endpoint.yml
Azure,https://github.com/Azure/azure_preview_modules/blob/master/tests/integration/targets/azure_rm_publicipaddress/tasks/main.yml
openstack,https://github.com/openstack/tripleo-quickstart-extras/blob/master/playbooks/quickstart-extras-undercloud.yml
gluster,https://github.com/gluster/gdeploy/blob/master/playbooks/oc-delete.yml
stackhpc,https://github.com/stackhpc/ansible-role-libvirt-vm/blob/master/tasks/destroy-vm.yml
manala,https://github.com/manala/ansible-role-apt/blob/master/tasks/holds.yml
openstack,https://github.com/openstack/kolla-ansible/blob/master/ansible/roles/memcached/tasks/check-containers.yml
openstack,https://github.com/openstack/kolla-ansible/blob/master/ansible/roles/barbican/tasks/loadbalancer.yml
wcm-io-devops,https://github.com/wcm-io-devops/ansible-aem-service/blob/master/tasks/restart_aem.yml
Azure,https://github.com/Azure/azure_modules/blob/master/tests/integration/targets/azure_rm_mysqlserver/tasks/main.yml
contiv,https://github.com/contiv/ansible/blob/master/roles/nfs/tasks/server.yml
openstack,https://github.com/openstack/openstack-ansible-ceph_client/blob/master/tasks/ceph_preinstall_apt.yml
geerlingguy,https://github.com/geerlingguy/drupal-vm/blob/master/provisioning/roles/geerlingguy.php/tasks/configure-fpm.yml
openstack,https://github.com/openstack/kolla-ansible/blob/master/ansible/roles/designate/tasks/bootstrap_service.yml
Juniper,https://github.com/Juniper/contrail-ansible-internal/blob/master/playbooks/roles/contrail/agent/tasks/cni.yml
plone,https://github.com/plone/ansible-playbook/blob/master/roles/fail2ban/tasks/main.yml
CenterForOpenScience,https://github.com/CenterForOpenScience/cos-ansible-base/blob/master/roles/docker-osf/tasks/adminserver.yml
StackStorm,https://github.com/StackStorm/ansible-st2/blob/master/roles/StackStorm.rabbitmq/tasks/rabbitmq_redhat.yml
openedx,https://github.com/openedx/configuration/blob/master/playbooks/roles/ad_hoc_reporting/tasks/main.yml
trailofbits,https://github.com/trailofbits/algo/blob/master/roles/cloud-vultr/tasks/main.yml
Duffney,https://github.com/Duffney/becomeansible/blob/master/chapter-08/nonGalaxy/chocolateyBusiness/tasks/main.yml
infobloxopen,https://github.com/infobloxopen/infoblox-ansible/blob/master/tests/integration/targets/nios_dns_view/tasks/main.yml
IBM-Security,https://github.com/IBM-Security/isam-ansible-roles/blob/master/set_network_ipv4_dhcp/tasks/main.yml
tenhishadow,https://github.com/tenhishadow/pve_on_debian/blob/master/tasks/main.yml
CentOS-PaaS-SIG,https://github.com/CentOS-PaaS-SIG/linchpin/blob/master/dev_setup/playbooks/roles/pipeline/tasks/check_builds.yml
manala,https://github.com/manala/ansible-roles/blob/master/roles/network/tasks/hosts.yml
GROG,https://github.com/GROG/ansible-role-package/blob/master/tasks/package-brew.yml
elasticluster,https://github.com/elasticluster/elasticluster/blob/master/elasticluster/share/playbooks/roles/kubernetes-apps/tasks/helm.yml
manala,https://github.com/manala/ansible-roles/blob/master/roles/glusterfs/tasks/main.yml
openstack,https://github.com/openstack/openstack-ansible-ops/blob/master/elk_metrics_7x/roles/elastic_repositories/tasks/main.yml
freeipa,https://github.com/freeipa/ansible-freeipa/blob/master/tests/pytests/dnszone/playbooks/dnszone_disable.yml
atosatto,https://github.com/atosatto/ansible-dockerswarm/blob/master/tasks/setup-python-pip.yml
folio-org,https://github.com/folio-org/folio-ansible/blob/master/roles/ebsco-rmapi-config/tasks/main.yml
redhat-openstack,https://github.com/redhat-openstack/ansible-nfv/blob/master/roles/generate_tht_templates/tasks/functions.yml
bdellegrazie,https://github.com/bdellegrazie/ansible-role-ca-certificates/blob/master/tasks/ca_certificates-trusted.yml
henrysher,https://github.com/henrysher/fedora-infra-ansible/blob/master/roles/pagure/frontend/tasks/main.yml
openstack,https://github.com/openstack/openstack-ansible-ops/blob/master/leap-upgrades/upgrade-utilities-kilo/playbooks/user-secrets-adjustments-kilo.yml
openstack,https://github.com/openstack/tripleo-quickstart-extras/blob/master/playbooks/multinode-undercloud-minion.yml
IBM,https://github.com/IBM/community-automation/blob/master/ansible/roles/http_start/tasks/http_start.yml
openstack,https://github.com/openstack/tripleo-ansible/blob/master/tripleo_ansible/roles/tripleo_container_manage/tasks/create.yml
openedx,https://github.com/openedx/configuration/blob/master/playbooks/license_manager.yml
trustedanalytics,https://github.com/trustedanalytics/platform-ansible/blob/master/roles/common/tasks/iptables.yml
shadow-robot,https://github.com/shadow-robot/aurora/blob/master/ansible/roles/products/common/web-gui-icon/tasks/main.yml
splunk,https://github.com/splunk/splunk-ansible/blob/master/roles/splunk_common/tasks/set_general_symmkey_password.yml
nicolai86,https://github.com/nicolai86/ansible-prepare-release/blob/master/tasks/main.yml
IBM-Security,https://github.com/IBM-Security/isam-ansible-roles/blob/master/start_config/tasks/main.yml
openstack,https://github.com/openstack/openstack-ansible-os_octavia/blob/master/tasks/octavia_pre_install.yml
weareinteractive,https://github.com/weareinteractive/ansible-php5-newrelic/blob/master/tasks/main.yml
clusterinthecloud,https://github.com/clusterinthecloud/ansible/blob/master/roles/packages/tasks/main.yml
avinetworks,https://github.com/avinetworks/ansible-role-aviconfig/blob/master/tasks/stringgroup.yml
debops,https://github.com/debops/debops/blob/master/ansible/roles/owncloud/tasks/main_env.yml
cloudera,https://github.com/cloudera/cloudera-playbook/blob/master/roles/scm/tasks/cms.yml
openstack,https://github.com/openstack/kolla-ansible/blob/master/ansible/roles/watcher/tasks/stop.yml
stackhpc,https://github.com/stackhpc/ansible-role-os-images/blob/master/tasks/images.yml
Juniper,https://github.com/Juniper/contrail-ansible/blob/master/kolla-ansible/ansible/roles/watcher/tasks/reconfigure.yml
openstack,https://github.com/openstack/tripleo-quickstart-extras/blob/master/roles/validate-services/tasks/main.yaml
geerlingguy,https://github.com/geerlingguy/ansible-role-awx/blob/master/tasks/main.yml
tungstenfabric,https://github.com/tungstenfabric/tf-ansible-deployer/blob/master/playbooks/contrail_destroy.yml
openstack,https://github.com/openstack/kolla-ansible/blob/master/ansible/roles/masakari/tasks/stop.yml
IBM,https://github.com/IBM/community-automation/blob/master/ansible/roles/provision_pool/tasks/provision_pool.yml
henrysher,https://github.com/henrysher/fedora-infra-ansible/blob/master/roles/gluster/server/tasks/main.yml
ansible-collections,https://github.com/ansible-collections/community.mongodb/blob/master/tests/integration/targets/mongodb_shutdown/tasks/mongod_teardown.yml
henrysher,https://github.com/henrysher/fedora-infra-ansible/blob/master/roles/fedora-web/alt/tasks/main.yml
PowerDNS,https://github.com/PowerDNS/pdns_recursor-ansible/blob/master/tasks/configure.yml
Juniper,https://github.com/Juniper/contrail-ansible/blob/master/kolla-ansible/ansible/roles/ceilometer/tasks/precheck.yml
kubernetes-sigs,https://github.com/kubernetes-sigs/kubespray/blob/master/contrib/network-storage/heketi/roles/provision/tasks/storage.yml
CentOS-PaaS-SIG,https://github.com/CentOS-PaaS-SIG/linchpin/blob/master/linchpin/provision/roles/beaker/tasks/main.yml
CenterForOpenScience,https://github.com/CenterForOpenScience/cos-ansible-base/blob/master/roles/skel/tasks/main.yml
redhat-openstack,https://github.com/redhat-openstack/ansible-role-tripleo-image-build/blob/master/tasks/convert_undercloud.yml
openedx,https://github.com/openedx/configuration/blob/master/playbooks/roles/antivirus/tasks/main.yml
IBM-Security,https://github.com/IBM-Security/isam-ansible-roles/blob/master/aac/create_api_protection_clients/tasks/main.yml
nexcess,https://github.com/nexcess/ansible-playbook-cloudhost/blob/master/playbooks/tasks/import-rename.yml
CentOS-PaaS-SIG,https://github.com/CentOS-PaaS-SIG/linchpin/blob/master/linchpin/provision/roles/gather_resources/tasks/wait_on_os_heat.yml
ansible,https://github.com/ansible/ansible-examples/blob/master/mongodb/roles/mongoc/tasks/main.yml
CentOS-PaaS-SIG,https://github.com/CentOS-PaaS-SIG/linchpin/blob/master/linchpin/provision/roles/openstack/tasks/provision_os_zone.yml
openstack,https://github.com/openstack/tripleo-ansible/blob/master/tripleo_ansible/roles/tripleo_nova_compute/tasks/upgrade.yml
RedHatGov,https://github.com/RedHatGov/redhatgov.workshops/blob/master/openshift4_azure/roles/deploy_service_mesh_workshop/tasks/main.yml
shadow-robot,https://github.com/shadow-robot/aurora/blob/master/ansible/roles/products/common/docker-container/tasks/main.yml
OpenConext,https://github.com/OpenConext/Stepup-Deploy/blob/master/roles/stepup-azure-mfa/tasks/main.yml
usegalaxy-eu,https://github.com/usegalaxy-eu/infrastructure-playbook/blob/master/roles/hxr.galaxy-nonreproducible-tools/tasks/main.yml
openstack,https://github.com/openstack/openstack-ansible-ops/blob/master/elk_metrics_6x/roles/elastic_metricbeat/tasks/main.yml
Cloudbox,https://github.com/Cloudbox/Cloudbox/blob/master/roles/settings/tasks/main2.yml
henrysher,https://github.com/henrysher/fedora-infra-ansible/blob/master/roles/abrt/retrace/tasks/usefafpkgs.yml
dimagi,https://github.com/dimagi/commcare-cloud/blob/master/src/commcare_cloud/ansible/roles/nginx/tasks/dropsite.yml
Juniper,https://github.com/Juniper/contrail-ansible/blob/master/playbooks/roles/node/tasks/analyticsdb.yml
ArdanaCLM,https://github.com/ArdanaCLM/ardana-ansible/blob/master/roles/service-client/tasks/install.yml
nuxeo,https://github.com/nuxeo/nuxeo-ansible-jenkins/blob/master/roles/slave_cache/tasks/nodejs.yml
CivClassic,https://github.com/CivClassic/AnsibleSetup/blob/master/tasks/deploy-bungee.yml
victorock,https://github.com/victorock/paloalto_panos/blob/master/tasks/interfaces.yaml
sovereign,https://github.com/sovereign/sovereign/blob/master/roles/common/tasks/ssl.yml
cscart,https://github.com/cscart/server-ansible-playbooks/blob/master/roles/postfix/tasks/apply.yml
idealista,https://github.com/idealista/prometheus_server_role/blob/master/tasks/service.yml
IBM,https://github.com/IBM/community-automation/blob/master/ansible/roles/twas855x_ospreqs/tasks/SLES.15.x86_64.yml
starlingx,https://github.com/starlingx/ansible-playbooks/blob/master/playbookconfig/src/playbooks/roles/backup-restore/restore-postgres/tasks/aio-sx-node-replacement.yml
labitat,https://github.com/labitat/labitat-ansible/blob/master/roles/space_server/tasks/kernel.yml
spantaleev,https://github.com/spantaleev/nextcloud-docker-ansible-deploy/blob/master/roles/custom/nextcloud_collabora_online/tasks/setup_collabora_online_uninstall.yml
AtlasOfLivingAustralia,https://github.com/AtlasOfLivingAustralia/ala-install/blob/master/ansible/roles/ebs-setup/tasks/main.yml
UnderGreen,https://github.com/UnderGreen/ansible-prometheus-node-exporter/blob/master/tasks/main.yml
Juniper,https://github.com/Juniper/contrail-ansible/blob/master/kolla-ansible/ansible/roles/rally/tasks/config.yml
openstack,https://github.com/openstack/kolla-ansible/blob/master/ansible/roles/glance/tasks/copy-certs.yml
IBM-Security,https://github.com/IBM-Security/isam-ansible-roles/blob/master/aac/create_user_registry_user/tasks/main.yml
ansible-community,https://github.com/ansible-community/ansible-consul/blob/master/tasks/windows.yml
Juniper,https://github.com/Juniper/contrail-ansible/blob/master/kolla-ansible/ansible/roles/designate/tasks/main.yml
debops,https://github.com/debops/debops/blob/master/ansible/roles/gitusers/tasks/main.yml
adoptium,https://github.com/adoptium/infrastructure/blob/master/ansible/playbooks/AdoptOpenJDK_Unix_Playbook/roles/Common/tasks/main.yml
geerlingguy,https://github.com/geerlingguy/drupal-vm/blob/master/provisioning/roles/geerlingguy.php-tideways/tasks/xhprof.yml
openedx,https://github.com/openedx/configuration/blob/master/playbooks/roles/jenkins_analytics/tasks/execute_jenkins_cli.yaml
rcbops,https://github.com/rcbops/rpc-openstack/blob/master/playbooks/openstack-ansible-install.yml
RedHatGov,https://github.com/RedHatGov/redhatgov.workshops/blob/master/ansible_tower_aws/roles/subscription_manager/tasks/repos-rhel6.yml
wazuh,https://github.com/wazuh/wazuh-ansible/blob/master/roles/wazuh/ansible-wazuh-manager/tasks/install_cmake.yml
laincloud,https://github.com/laincloud/lain/blob/master/playbooks/roles/networkd/tasks/main.yaml
wunderio,https://github.com/wunderio/WunderMachina/blob/master/playbook/roles/httpd-php/tasks/redhat_php.yml
QingCloudAppcenter,https://github.com/QingCloudAppcenter/ansible-roles/blob/master/caddy/tasks/main.yml
ansible-lockdown,https://github.com/ansible-lockdown/RHEL6-STIG/blob/master/tasks/cat3.yml
openstack,https://github.com/openstack/openstack-ansible/blob/master/zuul.d/playbooks/pre-osa-aio.yml
openstack,https://github.com/openstack/kolla-ansible/blob/master/ansible/roles/nova-cell/tasks/config.yml
IBM,https://github.com/IBM/ibm-spectrum-scale-install-infra/blob/master/roles/scale_object/cluster/tasks/configure.yml
confluentinc,https://github.com/confluentinc/cp-ansible/blob/master/roles/kafka_broker/tasks/set_controller_principal.yml
redhat-openstack,https://github.com/redhat-openstack/infrared/blob/master/infrared/common/roles/tls-everywhere/tasks/main.yml
cfpb,https://github.com/cfpb/aurora/blob/master/deploy/roles/gauss/tasks/main.yaml
diodonfrost,https://github.com/diodonfrost/ansible-role-amazon-ssm/blob/master/tasks/setup-AlmaLinux.yml
RedHatGov,https://github.com/RedHatGov/redhatgov.workshops/blob/master/jboss-aws-setup/roles/aws-provision/tasks/main.yml
dimagi,https://github.com/dimagi/commcare-cloud/blob/master/src/commcare_cloud/ansible/roles/ecryptfs/tasks/main.yml
Juniper,https://github.com/Juniper/contrail-ansible-internal/blob/master/playbooks/roles/rabbitmq/tasks/configuration.yml
ibm-mas,https://github.com/ibm-mas/ansible-devops/blob/master/ibm/mas_devops/roles/mirror_extras_prepare/tasks/main.yml
avinetworks,https://github.com/avinetworks/ansible-role-aviconfig/blob/master/tasks/clusterclouddetails_delete.yml
openstack,https://github.com/openstack/openstack-ansible-os_tempest/blob/master/tasks/tempestconf.yml
openstack,https://github.com/openstack/openstack-ansible-os_placement/blob/master/tasks/placement_db_sync.yml
CentOS-PaaS-SIG,https://github.com/CentOS-PaaS-SIG/linchpin/blob/master/linchpin/provision/roles/libvirt/tasks/provision_res_defs.yml
benregn,https://github.com/benregn/cookiecutter-django-ansible/blob/master/{{cookiecutter.repo_name}}/provisioning/playbooks/webservers.yml
voc,https://github.com/voc/cm/blob/master/ansible/roles/common/tasks/sudo.yml
Juniper,https://github.com/Juniper/contrail-ansible/blob/master/kolla-ansible/ansible/roles/keystone/tasks/reconfigure.yml
cjeanner,https://github.com/cjeanner/tripleo-lab/blob/master/roles/overcloud/tasks/update-network-role.yaml
shadow-robot,https://github.com/shadow-robot/aurora/blob/master/ansible/roles/installation/playbook_setup/tasks/main.yml
usegalaxy-au,https://github.com/usegalaxy-au/infrastructure/blob/master/roles/usegalaxy-eu.galactic-radio-telescope/tasks/systemd.yml
plone,https://github.com/plone/ansible-playbook/blob/master/roles/certbot/tasks/main.yml
debops,https://github.com/debops/debops/blob/master/ansible/roles/php/tasks/main.yml
openstack,https://github.com/openstack/kolla-ansible/blob/master/ansible/roles/trove/tasks/reconfigure.yml
openstack,https://github.com/openstack/kolla-ansible/blob/master/ansible/roles/placement/tasks/config.yml
usegalaxy-eu,https://github.com/usegalaxy-eu/infrastructure-playbook/blob/master/roles/hxr.install-to-venv/tasks/main.yml
att-comdev,https://github.com/att-comdev/halcyon-kubernetes/blob/master/kube-deploy/roles/kube-prep/tasks/patch-kube.yml
openstack,https://github.com/openstack/kolla-ansible/blob/master/ansible/roles/certificates/tasks/main.yml
usegalaxy-eu,https://github.com/usegalaxy-eu/infrastructure-playbook/blob/master/roles/hxr.docker-ssl-client/tasks/main.yml
kubernetes-sigs,https://github.com/kubernetes-sigs/kubespray/blob/master/roles/network_plugin/cilium/tasks/apply.yml
voc,https://github.com/voc/cm/blob/master/ansible/roles/media-cdn/tasks/nginx.yml
henrysher,https://github.com/henrysher/fedora-infra-ansible/blob/master/playbooks/vhost_halt_guests.yml
elasticluster,https://github.com/elasticluster/elasticluster/blob/master/elasticluster/share/playbooks/roles/glusterfs-common/tasks/main.yml
debops,https://github.com/debops/debops/blob/master/ansible/roles/pam_access/tasks/main.yml
att-comdev,https://github.com/att-comdev/halcyon-kubernetes/blob/master/kube-deploy/roles/upgrade-os/tasks/ubuntu.yml
openstack,https://github.com/openstack/tripleo-quickstart-extras/blob/master/roles/undercloud-setup/tasks/atop.yml
openstack,https://github.com/openstack/tripleo-quickstart-extras/blob/master/roles/validate-perf/tasks/security_disable.yml
cloudalchemy,https://github.com/cloudalchemy/ansible-node-exporter/blob/master/tasks/main.yml
cjeanner,https://github.com/cjeanner/tripleo-lab/blob/master/roles/newrelic/tasks/finished.yaml
StackFocus,https://github.com/StackFocus/ansible-role-postfix-dovecot/blob/master/tasks/main.yml
bluebanquise,https://github.com/bluebanquise/bluebanquise/blob/master/collections/monitoring/roles/prometheus/tasks/server_alertmanager.yml
lae,https://github.com/lae/ansible-role-netbox/blob/master/tasks/generate_secret_key.yml
OXID-eSales,https://github.com/OXID-eSales/oxvm_base/blob/master/ansible/roles/xdebug/tasks/main.yml
spantaleev,https://github.com/spantaleev/matrix-docker-ansible-deploy/blob/master/roles/custom/matrix-bridge-mautrix-telegram/tasks/main.yml
Juniper,https://github.com/Juniper/contrail-ansible/blob/master/kolla-ansible/ansible/roles/congress/tasks/register.yml
openstack,https://github.com/openstack/kolla-ansible/blob/master/ansible/roles/murano/tasks/loadbalancer.yml
oravirt,https://github.com/oravirt/ansible-oracle/blob/master/roles/oradb_manage_redo/tasks/main.yml
ilkilab,https://github.com/ilkilab/agorakube/blob/master/roles/setup-master/tasks/delete-k8s-components.yaml
